-0.000326, 0.000109, 0.35
2.55e-05, 0.000101, 0.351
0.00182, 9.33e-05, 0.353
0.00536, 9.81e-05, 0.353
0.0103, 0.000116, 0.353
0.0164, 0.00012, 0.351
0.0237, 0.000238, 0.347
0.0324, 0.000961, 0.343
0.0413, 0.00203, 0.34
0.0492, 0.00203, 0.34
0.0562, 0.000629, 0.339
0.0622, -0.00205, 0.34
0.068, -0.00527, 0.338
0.072, -0.0067, 0.338
0.0741, -0.00577, 0.339
0.0751, -0.00297, 0.339
0.0749, 0.00139, 0.339
0.0738, 0.00699, 0.338
0.0725, 0.0133, 0.335
0.0709, 0.0173, 0.334
0.0691, 0.0183, 0.336
0.0682, 0.0173, 0.338
0.0678, 0.0148, 0.338
0.0674, 0.0107, 0.338
0.0684, 0.00669, 0.338
0.0708, 0.00438, 0.339
0.0747, 0.00397, 0.339
0.0803, 0.00537, 0.339
0.087, 0.00826, 0.337
0.0948, 0.0119, 0.336
0.104, 0.0147, 0.336
0.115, 0.0161, 0.334
0.127, 0.0157, 0.332
0.138, 0.0132, 0.332
0.148, 0.00903, 0.333
0.157, 0.00423, 0.334
0.166, -0.000257, 0.335
0.177, -0.00358, 0.334
0.188, -0.005, 0.332
0.198, -0.00362, 0.332
0.208, -2.3e-05, 0.334
0.216, 0.00525, 0.336
0.225, 0.0113, 0.335
0.235, 0.0162, 0.332
0.246, 0.0188, 0.33
0.256, 0.0187, 0.331
0.265, 0.0163, 0.333
0.273, 0.0123, 0.336
0.281, 0.00764, 0.336
0.291, 0.00416, 0.333
0.303, 0.00234, 0.33
0.316, 0.0025, 0.327
0.327, 0.00516, 0.327
0.338, 0.00959, 0.33
0.349, 0.0143, 0.331
0.36, 0.0182, 0.328
0.374, 0.0207, 0.325
0.386, 0.0203, 0.325
0.398, 0.0174, 0.327
0.411, 0.0132, 0.33
0.423, 0.0087, 0.33
0.436, 0.00513, 0.326
0.451, 0.00312, 0.322
0.464, 0.00422, 0.323
0.477, 0.00803, 0.326
0.491, 0.0133, 0.33
0.504, 0.0189, 0.329
0.519, 0.0238, 0.324
0.534, 0.0267, 0.32
0.549, 0.026, 0.322
0.563, 0.0227, 0.326
0.578, 0.0178, 0.33
0.592, 0.0126, 0.329
0.608, 0.0076, 0.322
0.624, 0.00517, 0.319
0.638, 0.00628, 0.322
0.653, 0.00969, 0.326
0.668, 0.0144, 0.33
0.683, 0.0194, 0.329
0.7, 0.0244, 0.321
0.715, 0.0272, 0.317
0.73, 0.0265, 0.319
0.745, 0.0234, 0.323
0.761, 0.0192, 0.326
0.777, 0.0146, 0.325
0.794, 0.01, 0.318
0.808, 0.00777, 0.315
0.822, 0.00899, 0.32
0.836, 0.0124, 0.325
0.851, 0.017, 0.328
0.866, 0.0219, 0.327
0.882, 0.0268, 0.319
0.896, 0.0303, 0.314
0.909, 0.0304, 0.317
0.923, 0.028, 0.323
0.937, 0.0243, 0.327
0.951, 0.0202, 0.327
0.966, 0.0161, 0.321
0.98, 0.0138, 0.317
0.993, 0.0149, 0.32
1.01, 0.0181, 0.325
1.02, 0.0223, 0.328
1.03, 0.0267, 0.327
1.05, 0.0308, 0.321
1.06, 0.0325, 0.317
1.08, 0.0307, 0.32
1.09, 0.0267, 0.324
1.1, 0.0216, 0.328
1.12, 0.016, 0.327
1.14, 0.0107, 0.32
1.15, 0.00816, 0.317
1.16, 0.00894, 0.32
1.18, 0.012, 0.325
1.19, 0.0162, 0.328
1.21, 0.0207, 0.327
1.23, 0.0251, 0.32
1.24, 0.0275, 0.315
1.25, 0.0266, 0.318
1.27, 0.0233, 0.323
1.28, 0.0189, 0.327
1.3, 0.0141, 0.326
1.32, 0.00942, 0.319
1.33, 0.0073, 0.316
1.34, 0.00835, 0.32
1.36, 0.0115, 0.324
1.37, 0.0157, 0.328
1.39, 0.0201, 0.326
1.41, 0.0243, 0.318
1.42, 0.0258, 0.316
1.43, 0.024, 0.32
1.45, 0.0199, 0.325
1.46, 0.0148, 0.328
1.48, 0.00928, 0.326
1.49, 0.00381, 0.318
1.51, 0.000276, 0.315
1.52, -0.000185, 0.317
1.54, 0.00159, 0.322
1.55, 0.00459, 0.326
1.57, 0.00794, 0.325
1.58, 0.0112, 0.318
1.6, 0.0121, 0.315
1.61, 0.00961, 0.319
1.62, 0.00516, 0.324
1.64, -5.3e-05, 0.327
1.65, -0.00544, 0.326
1.67, -0.0106, 0.318
1.68, -0.0128, 0.316
1.69, -0.0117, 0.32
1.71, -0.00823, 0.325
1.72, -0.00365, 0.329
1.74, 0.0012, 0.327
1.75, 0.00599, 0.32
1.77, 0.00903, 0.316
1.78, 0.00872, 0.319
1.79, 0.00615, 0.324
1.81, 0.00226, 0.328
1.82, -0.00214, 0.327
1.84, -0.00638, 0.321
1.85, -0.00843, 0.317
1.86, -0.00715, 0.32
1.88, -0.0038, 0.324
1.89, 0.000454, 0.328
1.91, 0.00492, 0.327
1.92, 0.00906, 0.32
1.94, 0.0102, 0.318
1.95, 0.00812, 0.322
1.96, 0.00387, 0.326
1.98, -0.00152, 0.329
1.99, -0.00724, 0.327
2.01, -0.0128, 0.32
2.02, -0.0163, 0.316
2.04, -0.0164, 0.319
2.05, -0.0139, 0.324
2.07, -0.0101, 0.328
2.09, -0.00583, 0.327
2.1, -0.00161, 0.32
2.12, 0.00107, 0.315
2.13, 0.000676, 0.317
2.14, -0.00191, 0.322
2.16, -0.00555, 0.326
2.17, -0.00947, 0.326
2.19, -0.0133, 0.319
2.2, -0.0143, 0.317
2.22, -0.012, 0.32
2.23, -0.00758, 0.325
2.24, -0.00231, 0.328
2.26, 0.00309, 0.327
2.28, 0.0082, 0.319
2.29, 0.0113, 0.316
2.3, 0.0112, 0.319
2.32, 0.0086, 0.324
2.33, 0.0046, 0.328
2.35, 8.92e-05, 0.327
2.36, -0.00435, 0.32
2.38, -0.00793, 0.314
2.39, -0.0084, 0.316
2.41, -0.00659, 0.322
2.42, -0.00354, 0.326
2.43, -0.000117, 0.326
2.45, 0.00316, 0.32
2.46, 0.00384, 0.317
2.48, 0.0012, 0.32
2.49, -0.00347, 0.324
2.51, -0.00882, 0.327
2.52, -0.0143, 0.326
2.54, -0.0193, 0.319
2.55, -0.0212, 0.318
2.56, -0.0197, 0.322
2.58, -0.016, 0.327
2.59, -0.0111, 0.33
2.61, -0.00566, 0.329
2.62, -0.000327, 0.321
2.64, 0.00395, 0.315
2.65, 0.00505, 0.317
2.67, 0.00366, 0.322
2.68, 0.00082, 0.326
2.69, -0.00261, 0.326
2.71, -0.006, 0.32
2.72, -0.0068, 0.317
2.74, -0.00423, 0.32
2.75, 0.000319, 0.324
2.77, 0.0054, 0.327
2.78, 0.0106, 0.326
2.8, 0.0151, 0.32
2.81, 0.0167, 0.318
2.83, 0.0149, 0.321
2.84, 0.0108, 0.326
2.86, 0.00541, 0.329
2.87, -0.000469, 0.328
2.89, -0.00632, 0.32
2.9, -0.011, 0.314
2.91, -0.0125, 0.317
2.93, -0.0114, 0.322
2.94, -0.00893, 0.326
2.96, -0.00595, 0.326
2.98, -0.00299, 0.319
2.99, -0.00137, 0.315
3, -0.00309, 0.319
3.02, -0.00675, 0.323
3.03, -0.0112, 0.327
3.04, -0.0158, 0.326
3.06, -0.0201, 0.319
3.07, -0.0214, 0.317
3.09, -0.0193, 0.321
3.1, -0.0151, 0.326
3.11, -0.00994, 0.329
3.13, -0.00437, 0.327
3.14, 0.00114, 0.32
3.16, 0.00408, 0.317
3.17, 0.00366, 0.32
3.19, 0.000883, 0.325
3.2, -0.00314, 0.328
3.22, -0.0075, 0.327
3.23, -0.0118, 0.32
3.25, -0.0143, 0.316
3.26, -0.0137, 0.319
3.27, -0.0109, 0.324
3.29, -0.00711, 0.328
3.3, -0.00312, 0.327
3.32, 0.000592, 0.32
3.33, 0.00165, 0.317
3.35, -0.000511, 0.32
3.36, -0.00491, 0.324
3.38, -0.0103, 0.327
3.39, -0.016, 0.326
3.41, -0.0215, 0.319
3.42, -0.024, 0.317
3.43, -0.023, 0.321
3.45, -0.0198, 0.326
3.46, -0.0154, 0.33
3.48, -0.0105, 0.328
3.49, -0.00574, 0.321
3.51, -0.00259, 0.316
3.52, -0.00265, 0.318
3.54, -0.00501, 0.323
3.55, -0.00854, 0.327
3.56, -0.0126, 0.327
3.58, -0.0165, 0.32
3.59, -0.018, 0.317
3.61, -0.0166, 0.321
3.62, -0.0131, 0.325
3.64, -0.00875, 0.328
3.65, -0.00418, 0.327
3.67, 7.19e-05, 0.32
3.68, 0.00158, 0.317
3.7, -0.000195, 0.32
3.71, -0.0043, 0.325
3.73, -0.00967, 0.328
3.74, -0.0153, 0.327
3.76, -0.021, 0.319
3.78, -0.0249, 0.315
3.79, -0.0254, 0.318
3.8, -0.0236, 0.323
3.82, -0.0205, 0.327
3.84, -0.0171, 0.326
3.85, -0.0138, 0.318
3.87, -0.0117, 0.314
3.88, -0.0131, 0.317
3.89, -0.0167, 0.322
3.91, -0.0213, 0.326
3.92, -0.0263, 0.326
3.94, -0.0313, 0.318
3.95, -0.0336, 0.316
3.96, -0.0326, 0.319
3.98, -0.0294, 0.324
3.99, -0.0253, 0.327
4.01, -0.021, 0.326
4.02, -0.0168, 0.319
4.04, -0.0152, 0.317
4.05, -0.0167, 0.32
4.06, -0.0206, 0.325
4.08, -0.0257, 0.329
4.09, -0.0312, 0.327
4.11, -0.0367, 0.32
4.12, -0.0399, 0.316
4.14, -0.0397, 0.319
4.15, -0.0371, 0.324
4.17, -0.0333, 0.327
4.18, -0.0292, 0.326
4.2, -0.0253, 0.319
4.21, -0.024, 0.317
4.22, -0.026, 0.32
4.24, -0.0301, 0.324
4.25, -0.0352, 0.328
4.27, -0.0406, 0.326
4.28, -0.0459, 0.319
4.3, -0.0485, 0.316
4.31, -0.0477, 0.319
4.33, -0.0447, 0.324
4.34, -0.0404, 0.328
4.36, -0.0359, 0.327
4.37, -0.0313, 0.319
4.39, -0.0284, 0.315
4.4, -0.0287, 0.318
4.41, -0.0315, 0.323
4.43, -0.0355, 0.327
4.44, -0.0399, 0.326
4.46, -0.0442, 0.319
4.47, -0.0461, 0.316
4.49, -0.0447, 0.319
4.5, -0.0412, 0.324
4.52, -0.0368, 0.327
4.53, -0.0322, 0.326
4.55, -0.0278, 0.319
4.56, -0.0263, 0.316
4.58, -0.028, 0.32
4.59, -0.0321, 0.325
4.61, -0.0374, 0.328
4.62, -0.0429, 0.327
4.64, -0.0484, 0.319
4.65, -0.0518, 0.315
4.67, -0.0519, 0.318
4.68, -0.0495, 0.323
4.7, -0.0459, 0.326
4.71, -0.0419, 0.325
4.73, -0.0379, 0.318
4.74, -0.0354, 0.314
4.76, -0.0362, 0.318
4.77, -0.0395, 0.323
4.78, -0.0439, 0.327
4.8, -0.0487, 0.326
4.81, -0.0535, 0.319
4.83, -0.0561, 0.315
4.84, -0.0554, 0.319
4.86, -0.0524, 0.324
4.87, -0.0483, 0.328
4.89, -0.044, 0.327
4.9, -0.0399, 0.32
4.92, -0.0387, 0.317
4.93, -0.041, 0.321
4.94, -0.0455, 0.326
4.96, -0.0511, 0.329
4.97, -0.0569, 0.328
4.99, -0.0626, 0.32
5, -0.0661, 0.316
5.02, -0.0662, 0.319
5.03, -0.064, 0.324
5.05, -0.0606, 0.328
5.06, -0.0567, 0.327
5.08, -0.0529, 0.32
5.09, -0.0512, 0.316
5.11, -0.0529, 0.319
5.12, -0.0567, 0.324
5.14, -0.0616, 0.328
5.15, -0.0666, 0.326
5.17, -0.0714, 0.319
5.18, -0.0734, 0.317
5.2, -0.072, 0.32
5.21, -0.0685, 0.325
5.23, -0.064, 0.328
5.24, -0.0592, 0.326
5.26, -0.0545, 0.319
5.27, -0.0524, 0.315
5.29, -0.0537, 0.319
5.3, -0.0573, 0.324
5.31, -0.0621, 0.328
5.33, -0.0671, 0.327
5.34, -0.0722, 0.32
5.36, -0.0754, 0.316
5.37, -0.0753, 0.319
5.38, -0.0729, 0.324
5.4, -0.0695, 0.328
5.41, -0.0657, 0.327
5.43, -0.0623, 0.321
5.44, -0.061, 0.317
5.46, -0.063, 0.32
5.47, -0.0672, 0.324
5.48, -0.0726, 0.327
5.5, -0.0783, 0.326
5.51, -0.0839, 0.319
5.53, -0.0865, 0.317
5.54, -0.0858, 0.321
5.56, -0.0829, 0.326
5.57, -0.0788, 0.329
5.59, -0.0744, 0.328
5.6, -0.0701, 0.32
5.62, -0.0678, 0.315
5.63, -0.069, 0.318
5.64, -0.0727, 0.323
5.66, -0.0776, 0.327
5.67, -0.0829, 0.326
5.69, -0.0881, 0.319
5.7, -0.0902, 0.317
5.72, -0.089, 0.32
5.73, -0.0857, 0.325
5.75, -0.0813, 0.328
5.76, -0.0767, 0.327
5.78, -0.0724, 0.32
5.79, -0.0708, 0.317
5.81, -0.0725, 0.32
5.82, -0.0767, 0.325
5.83, -0.0822, 0.329
5.85, -0.0882, 0.328
5.87, -0.0942, 0.32
5.88, -0.0985, 0.316
5.89, -0.0992, 0.318
5.91, -0.0976, 0.323
5.92, -0.0949, 0.327
5.94, -0.0917, 0.326
5.95, -0.0888, 0.32
5.97, -0.0884, 0.317
5.98, -0.0912, 0.32
5.99, -0.0962, 0.324
6.01, -0.102, 0.328
6.02, -0.109, 0.326
6.04, -0.115, 0.32
6.05, -0.118, 0.317
6.07, -0.118, 0.32
6.08, -0.116, 0.324
6.1, -0.112, 0.328
6.11, -0.109, 0.327
6.13, -0.105, 0.319
6.14, -0.103, 0.315
6.16, -0.105, 0.319
6.17, -0.108, 0.324
6.19, -0.113, 0.327
6.2, -0.119, 0.326
6.22, -0.124, 0.319
6.23, -0.127, 0.316
6.25, -0.127, 0.319
6.26, -0.125, 0.324
6.28, -0.122, 0.327
6.29, -0.119, 0.326
6.31, -0.115, 0.318
6.32, -0.114, 0.316
6.33, -0.117, 0.32
6.35, -0.122, 0.325
6.36, -0.128, 0.328
6.38, -0.134, 0.327
6.39, -0.14, 0.319
6.4, -0.144, 0.316
6.42, -0.145, 0.319
6.43, -0.143, 0.324
6.45, -0.14, 0.328
6.46, -0.137, 0.328
6.48, -0.134, 0.321
6.49, -0.133, 0.317
6.5, -0.135, 0.319
6.52, -0.139, 0.324
6.53, -0.144, 0.328
6.54, -0.15, 0.327
6.56, -0.155, 0.32
6.57, -0.157, 0.318
6.59, -0.157, 0.321
6.6, -0.154, 0.325
6.61, -0.15, 0.328
6.63, -0.146, 0.327
6.65, -0.142, 0.321
6.66, -0.141, 0.318
6.67, -0.143, 0.322
6.69, -0.148, 0.326
6.7, -0.153, 0.329
6.72, -0.159, 0.328
6.73, -0.165, 0.32
6.75, -0.169, 0.316
6.76, -0.17, 0.319
6.77, -0.168, 0.323
6.79, -0.165, 0.327
6.81, -0.162, 0.326
6.82, -0.16, 0.319
6.84, -0.16, 0.317
6.85, -0.163, 0.321
6.86, -0.168, 0.325
6.88, -0.175, 0.328
6.89, -0.181, 0.326
6.91, -0.188, 0.318
6.92, -0.191, 0.316
6.94, -0.191, 0.32
6.95, -0.189, 0.326
6.97, -0.185, 0.329
6.98, -0.182, 0.328
7, -0.178, 0.32
7.01, -0.175, 0.316
7.03, -0.176, 0.318
7.04, -0.179, 0.323
7.05, -0.184, 0.327
7.07, -0.188, 0.326
7.08, -0.193, 0.32
7.09, -0.195, 0.317
7.11, -0.193, 0.321
7.12, -0.19, 0.325
7.14, -0.185, 0.328
7.15, -0.181, 0.327
7.16, -0.177, 0.32
7.18, -0.176, 0.318
7.19, -0.178, 0.322
7.21, -0.182, 0.326
7.22, -0.188, 0.33
7.24, -0.194, 0.328
7.25, -0.2, 0.32
7.27, -0.203, 0.316
7.28, -0.204, 0.319
7.3, -0.202, 0.324
7.31, -0.199, 0.327
7.33, -0.195, 0.327
7.34, -0.191, 0.319
7.36, -0.19, 0.316
7.37, -0.191, 0.319
7.38, -0.195, 0.324
7.4, -0.2, 0.327
7.41, -0.205, 0.326
7.43, -0.209, 0.319
7.44, -0.212, 0.316
7.46, -0.21, 0.319
7.47, -0.207, 0.324
7.49, -0.202, 0.328
7.5, -0.198, 0.326
7.52, -0.193, 0.319
7.53, -0.191, 0.316
7.55, -0.192, 0.319
7.56, -0.195, 0.325
7.58, -0.2, 0.328
7.59, -0.205, 0.327
7.61, -0.209, 0.32
7.62, -0.212, 0.316
7.64, -0.212, 0.319
7.65, -0.21, 0.324
7.67, -0.206, 0.327
7.68, -0.201, 0.326
7.7, -0.197, 0.319
7.71, -0.195, 0.316
7.73, -0.196, 0.318
7.74, -0.199, 0.323
7.76, -0.203, 0.327
7.77, -0.208, 0.326
7.79, -0.212, 0.318
7.8, -0.214, 0.316
7.81, -0.212, 0.319
7.83, -0.209, 0.324
7.84, -0.204, 0.328
7.86, -0.199, 0.327
7.87, -0.194, 0.319
7.89, -0.192, 0.317
7.9, -0.194, 0.32
7.91, -0.197, 0.325
7.93, -0.202, 0.328
7.94, -0.207, 0.326
7.96, -0.211, 0.319
7.97, -0.213, 0.316
7.99, -0.211, 0.319
8, -0.208, 0.324
8.02, -0.203, 0.328
8.03, -0.198, 0.326
8.05, -0.192, 0.319
8.06, -0.19, 0.316
8.07, -0.191, 0.32
8.09, -0.194, 0.326
8.1, -0.199, 0.33
8.12, -0.203, 0.328
8.13, -0.208, 0.321
8.15, -0.21, 0.316
8.16, -0.209, 0.319
8.18, -0.206, 0.323
8.19, -0.202, 0.327
8.21, -0.197, 0.326
8.22, -0.192, 0.319
8.24, -0.19, 0.317
8.25, -0.192, 0.32
8.26, -0.195, 0.325
8.28, -0.199, 0.328
8.29, -0.204, 0.327
8.31, -0.208, 0.32
8.32, -0.209, 0.318
8.33, -0.207, 0.321
8.35, -0.202, 0.326
8.36, -0.196, 0.329
8.38, -0.19, 0.328
8.39, -0.184, 0.32
8.4, -0.18, 0.316
8.42, -0.18, 0.319
8.43, -0.182, 0.324
8.45, -0.185, 0.328
8.46, -0.188, 0.327
8.48, -0.192, 0.32
8.49, -0.192, 0.317
8.51, -0.19, 0.32
8.52, -0.186, 0.325
8.53, -0.18, 0.328
8.55, -0.174, 0.327
8.57, -0.169, 0.319
8.58, -0.166, 0.317
8.6, -0.167, 0.32
8.61, -0.17, 0.324
8.63, -0.174, 0.328
8.64, -0.178, 0.326
8.66, -0.182, 0.318
8.67, -0.184, 0.316
8.69, -0.182, 0.319
8.7, -0.178, 0.324
8.72, -0.172, 0.327
8.73, -0.167, 0.325
8.75, -0.162, 0.317
8.76, -0.159, 0.314
8.78, -0.159, 0.318
8.79, -0.161, 0.323
8.81, -0.164, 0.327
8.82, -0.167, 0.325
8.84, -0.17, 0.318
8.85, -0.17, 0.316
8.86, -0.167, 0.32
8.88, -0.161, 0.325
8.89, -0.155, 0.328
8.91, -0.149, 0.326
8.92, -0.142, 0.319
8.94, -0.139, 0.316
8.95, -0.139, 0.32
8.96, -0.141, 0.325
8.98, -0.144, 0.328
8.99, -0.148, 0.327
9.01, -0.151, 0.319
9.02, -0.153, 0.316
9.04, -0.151, 0.319
9.05, -0.146, 0.324
9.06, -0.141, 0.328
9.08, -0.135, 0.327
9.09, -0.13, 0.32
9.11, -0.126, 0.316
9.12, -0.126, 0.319
9.13, -0.128, 0.324
9.15, -0.131, 0.328
9.16, -0.135, 0.327
9.18, -0.138, 0.321
9.19, -0.138, 0.317
9.21, -0.136, 0.32
9.22, -0.131, 0.325
9.23, -0.125, 0.328
9.25, -0.118, 0.327
9.26, -0.112, 0.32
9.28, -0.107, 0.317
9.29, -0.107, 0.32
9.31, -0.108, 0.324
9.32, -0.111, 0.328
9.34, -0.113, 0.327
9.35, -0.116, 0.32
9.37, -0.117, 0.316
9.38, -0.115, 0.32
9.4, -0.11, 0.324
9.41, -0.104, 0.328
9.42, -0.0977, 0.327
9.44, -0.0914, 0.32
9.45, -0.0879, 0.316
9.47, -0.0879, 0.32
9.48, -0.0899, 0.325
9.5, -0.0928, 0.328
9.51, -0.0959, 0.327
9.53, -0.0987, 0.319
9.55, -0.0988, 0.317
9.56, -0.0956, 0.321
9.58, -0.0901, 0.325
9.59, -0.0835, 0.328
9.6, -0.0763, 0.327
9.62, -0.0692, 0.319
9.63, -0.0644, 0.315
9.65, -0.0628, 0.318
9.66, -0.0634, 0.323
9.68, -0.0651, 0.327
9.7, -0.0673, 0.326
9.71, -0.0693, 0.318
9.73, -0.069, 0.315
9.74, -0.0654, 0.318
9.75, -0.0596, 0.323
9.77, -0.0531, 0.326
9.78, -0.0464, 0.325
9.8, -0.0398, 0.318
9.81, -0.0366, 0.317
9.83, -0.0368, 0.321
9.84, -0.0387, 0.326
9.86, -0.0416, 0.329
9.87, -0.0449, 0.328
9.89, -0.048, 0.32
9.9, -0.0489, 0.316
9.92, -0.0465, 0.318
9.93, -0.0418, 0.323
9.94, -0.0358, 0.327
9.96, -0.0295, 0.326
9.97, -0.0231, 0.319
9.99, -0.0196, 0.316
10, -0.0195, 0.319
10, -0.0213, 0.324
10, -0.0239, 0.328
10, -0.0265, 0.326
10.1, -0.0288, 0.319
10.1, -0.0284, 0.317
10.1, -0.0249, 0.32
10.1, -0.0193, 0.325
10.1, -0.0124, 0.328
10.1, -0.00503, 0.327
10.1, 0.00232, 0.32
10.2, 0.00752, 0.316
10.2, 0.00933, 0.318
10.2, 0.00892, 0.323
10.2, 0.00748, 0.327
10.2, 0.0057, 0.326
10.2, 0.00416, 0.319
10.2, 0.00505, 0.316
10.3, 0.00912, 0.319
10.3, 0.0154, 0.324
10.3, 0.0224, 0.327
10.3, 0.0295, 0.326
10.3, 0.0364, 0.319
10.3, 0.0404, 0.317
10.3, 0.0407, 0.321
10.4, 0.039, 0.326
10.4, 0.0362, 0.329
10.4, 0.033, 0.328
10.4, 0.03, 0.32
10.4, 0.0288, 0.315
10.4, 0.0307, 0.318
10.5, 0.0349, 0.322
10.5, 0.0403, 0.326
10.5, 0.0461, 0.325
10.5, 0.0519, 0.318
10.5, 0.055, 0.315
10.5, 0.0547, 0.318
10.5, 0.0525, 0.323
10.6, 0.0495, 0.326
10.6, 0.0464, 0.325
10.6, 0.0435, 0.318
10.6, 0.0432, 0.316
10.6, 0.0463, 0.32
10.6, 0.0516, 0.324
10.6, 0.0582, 0.328
10.7, 0.0653, 0.327
10.7, 0.0724, 0.319
10.7, 0.0777, 0.315
10.7, 0.0798, 0.318
10.7, 0.0796, 0.323
10.7, 0.078, 0.327
10.7, 0.076, 0.327
10.8, 0.0742, 0.321
10.8, 0.0743, 0.317
10.8, 0.0775, 0.319
10.8, 0.0827, 0.323
10.8, 0.0886, 0.327
10.8, 0.0948, 0.326
10.8, 0.101, 0.32
10.8, 0.104, 0.318
10.9, 0.103, 0.321
10.9, 0.101, 0.325
10.9, 0.0973, 0.329
10.9, 0.0935, 0.328
10.9, 0.0898, 0.32
10.9, 0.0884, 0.317
10.9, 0.0902, 0.32
11, 0.0945, 0.325
11, 0.1, 0.329
11, 0.106, 0.327
11, 0.112, 0.32
11, 0.116, 0.316
11, 0.116, 0.319
11, 0.115, 0.323
11.1, 0.112, 0.327
11.1, 0.11, 0.326
11.1, 0.107, 0.319
11.1, 0.107, 0.317
11.1, 0.111, 0.321
11.1, 0.117, 0.326
11.1, 0.123, 0.329
11.2, 0.13, 0.327
11.2, 0.137, 0.32
11.2, 0.142, 0.317
11.2, 0.142, 0.32
11.2, 0.141, 0.325
11.2, 0.138, 0.329
11.2, 0.135, 0.328
11.3, 0.132, 0.321
11.3, 0.13, 0.315
11.3, 0.132, 0.318
11.3, 0.135, 0.323
11.3, 0.14, 0.327
11.3, 0.145, 0.326
11.3, 0.15, 0.319
11.4, 0.152, 0.317
11.4, 0.15, 0.32
11.4, 0.147, 0.324
11.4, 0.143, 0.327
11.4, 0.138, 0.326
11.4, 0.134, 0.318
11.5, 0.133, 0.317
11.5, 0.135, 0.321
11.5, 0.139, 0.326
11.5, 0.145, 0.33
11.5, 0.151, 0.328
11.5, 0.157, 0.32
11.5, 0.162, 0.315
11.6, 0.163, 0.318
11.6, 0.162, 0.322
11.6, 0.16, 0.327
11.6, 0.157, 0.326
11.6, 0.155, 0.319
11.6, 0.155, 0.317
11.6, 0.159, 0.32
11.7, 0.165, 0.324
11.7, 0.171, 0.327
11.7, 0.177, 0.326
11.7, 0.184, 0.319
11.7, 0.187, 0.317
11.7, 0.186, 0.321
11.7, 0.184, 0.326
11.8, 0.18, 0.329
11.8, 0.176, 0.327
11.8, 0.172, 0.319
11.8, 0.169, 0.314
11.8, 0.17, 0.317
11.8, 0.173, 0.322
11.8, 0.177, 0.326
11.9, 0.182, 0.326
11.9, 0.187, 0.319
11.9, 0.189, 0.316
11.9, 0.187, 0.319
11.9, 0.184, 0.324
11.9, 0.18, 0.327
11.9, 0.177, 0.326
12, 0.173, 0.32
12, 0.173, 0.319
12, 0.176, 0.322
12, 0.181, 0.327
12, 0.188, 0.33
12, 0.195, 0.329
12, 0.201, 0.321
12.1, 0.206, 0.317
12.1, 0.208, 0.32
12.1, 0.207, 0.324
12.1, 0.205, 0.328
12.1, 0.202, 0.327
12.1, 0.199, 0.32
12.2, 0.199, 0.316
12.2, 0.202, 0.319
12.2, 0.207, 0.323
12.2, 0.213, 0.326
12.2, 0.219, 0.325
12.2, 0.224, 0.318
12.2, 0.226, 0.318
12.3, 0.225, 0.321
12.3, 0.222, 0.326
12.3, 0.219, 0.328
12.3, 0.215, 0.326
12.3, 0.211, 0.318
12.3, 0.209, 0.314
12.4, 0.211, 0.318
12.4, 0.215, 0.323
12.4, 0.221, 0.327
12.4, 0.227, 0.326
12.4, 0.233, 0.319
12.4, 0.238, 0.314
12.4, 0.239, 0.317
12.5, 0.238, 0.321
12.5, 0.237, 0.325
12.5, 0.235, 0.324
12.5, 0.233, 0.317
12.5, 0.233, 0.315
12.5, 0.237, 0.319
12.5, 0.243, 0.324
12.6, 0.25, 0.328
12.6, 0.257, 0.326
12.6, 0.265, 0.319
12.6, 0.269, 0.316
12.6, 0.271, 0.319
12.6, 0.269, 0.324
12.6, 0.267, 0.328
12.7, 0.265, 0.327
12.7, 0.263, 0.32
12.7, 0.262, 0.317
12.7, 0.265, 0.319
12.7, 0.271, 0.324
12.7, 0.277, 0.328
12.7, 0.284, 0.327
12.8, 0.291, 0.32
12.8, 0.296, 0.317
12.8, 0.297, 0.32
12.8, 0.296, 0.324
12.8, 0.294, 0.328
12.8, 0.292, 0.327
12.8, 0.289, 0.319
12.9, 0.289, 0.316
12.9, 0.293, 0.319
12.9, 0.298, 0.324
12.9, 0.305, 0.328
12.9, 0.312, 0.327
12.9, 0.319, 0.319
12.9, 0.324, 0.315
13, 0.325, 0.318
13, 0.325, 0.323
13, 0.323, 0.327
13, 0.321, 0.325
13, 0.32, 0.318
13, 0.32, 0.316
13, 0.324, 0.32
13.1, 0.33, 0.325
13.1, 0.337, 0.328
13.1, 0.345, 0.327
13.1, 0.353, 0.32
13.1, 0.358, 0.316
13.1, 0.36, 0.319
13.1, 0.36, 0.323
13.2, 0.359, 0.327
13.2, 0.358, 0.326
13.2, 0.357, 0.319
13.2, 0.357, 0.316
13.2, 0.361, 0.319
13.2, 0.367, 0.324
13.2, 0.374, 0.328
13.3, 0.381, 0.326
13.3, 0.389, 0.319
13.3, 0.393, 0.317
13.3, 0.395, 0.32
13.3, 0.394, 0.324
13.3, 0.392, 0.328
13.3, 0.39, 0.326
13.4, 0.388, 0.319
13.4, 0.388, 0.316
13.4, 0.392, 0.319
13.4, 0.398, 0.324
13.4, 0.405, 0.328
13.4, 0.413, 0.327
13.4, 0.42, 0.319
13.5, 0.426, 0.316
13.5, 0.428, 0.319
13.5, 0.428, 0.324
13.5, 0.427, 0.327
13.5, 0.425, 0.326
13.5, 0.424, 0.319
13.5, 0.425, 0.316
13.6, 0.429, 0.319
13.6, 0.435, 0.324
13.6, 0.443, 0.328
13.6, 0.45, 0.326
13.6, 0.458, 0.319
13.6, 0.462, 0.317
13.6, 0.463, 0.321
13.7, 0.462, 0.325
13.7, 0.46, 0.328
13.7, 0.458, 0.326
13.7, 0.456, 0.319
13.7, 0.457, 0.316
13.7, 0.46, 0.319
13.8, 0.466, 0.324
13.8, 0.474, 0.327
13.8, 0.481, 0.326
13.8, 0.489, 0.318
13.8, 0.493, 0.314
13.8, 0.494, 0.318
13.8, 0.493, 0.322
13.9, 0.491, 0.326
13.9, 0.489, 0.325
13.9, 0.488, 0.317
13.9, 0.488, 0.315
13.9, 0.491, 0.32
13.9, 0.497, 0.325
13.9, 0.504, 0.329
14, 0.511, 0.328
14, 0.519, 0.32
14, 0.524, 0.315
14, 0.527, 0.317
14, 0.527, 0.322
14, 0.527, 0.327
14, 0.526, 0.326
14.1, 0.525, 0.319
14.1, 0.527, 0.317
14.1, 0.532, 0.32
14.1, 0.539, 0.324
14.1, 0.547, 0.327
14.1, 0.555, 0.325
14.1, 0.563, 0.318
14.2, 0.567, 0.317
14.2, 0.569, 0.321
14.2, 0.568, 0.326
14.2, 0.567, 0.329
14.2, 0.564, 0.327
14.2, 0.563, 0.319
14.2, 0.561, 0.314
14.3, 0.563, 0.317
14.3, 0.567, 0.321
14.3, 0.573, 0.325
14.3, 0.579, 0.325
14.3, 0.585, 0.318
14.3, 0.588, 0.316
14.3, 0.588, 0.32
14.4, 0.586, 0.325
14.4, 0.584, 0.328
14.4, 0.581, 0.327
14.4, 0.578, 0.32
14.4, 0.577, 0.317
14.4, 0.58, 0.32
14.4, 0.585, 0.325
14.5, 0.591, 0.329
14.5, 0.598, 0.328
14.5, 0.605, 0.321
14.5, 0.61, 0.317
14.5, 0.612, 0.319
14.5, 0.611, 0.324
14.5, 0.609, 0.328
14.6, 0.607, 0.327
14.6, 0.606, 0.32
14.6, 0.606, 0.317
14.6, 0.609, 0.32
14.6, 0.615, 0.325
14.6, 0.622, 0.328
14.6, 0.629, 0.327
14.7, 0.636, 0.32
14.7, 0.642, 0.316
14.7, 0.644, 0.319
14.7, 0.644, 0.323
14.7, 0.642, 0.327
14.7, 0.64, 0.327
14.7, 0.638, 0.319
14.8, 0.638, 0.315
14.8, 0.64, 0.319
14.8, 0.646, 0.324
14.8, 0.652, 0.328
14.8, 0.658, 0.327
14.8, 0.665, 0.32
14.8, 0.669, 0.316
14.8, 0.67, 0.319
14.9, 0.669, 0.324
14.9, 0.667, 0.328
14.9, 0.665, 0.327
14.9, 0.663, 0.32
14.9, 0.663, 0.317
14.9, 0.666, 0.321
14.9, 0.672, 0.325
15, 0.678, 0.329
15, 0.686, 0.328
15, 0.693, 0.32
15, 0.698, 0.316
15, 0.7, 0.319
15, 0.7, 0.323
15, 0.698, 0.327
15.1, 0.696, 0.326
15.1, 0.695, 0.319
15.1, 0.696, 0.317
15.1, 0.7, 0.32
15.1, 0.706, 0.324
15.1, 0.713, 0.327
15.2, 0.72, 0.326
15.2, 0.728, 0.319
15.2, 0.732, 0.317
15.2, 0.732, 0.32
15.2, 0.731, 0.325
15.2, 0.728, 0.328
15.2, 0.725, 0.327
15.3, 0.722, 0.319
15.3, 0.721, 0.315
15.3, 0.722, 0.318
15.3, 0.727, 0.322
15.3, 0.732, 0.326
15.3, 0.738, 0.325
15.3, 0.744, 0.318
15.4, 0.746, 0.316
15.4, 0.746, 0.319
15.4, 0.743, 0.324
15.4, 0.74, 0.328
15.4, 0.736, 0.327
15.4, 0.733, 0.319
15.4, 0.733, 0.317
15.5, 0.736, 0.32
15.5, 0.742, 0.325
15.5, 0.748, 0.329
15.5, 0.756, 0.328
15.5, 0.763, 0.32
15.5, 0.768, 0.316
15.5, 0.769, 0.319
15.6, 0.768, 0.323
15.6, 0.766, 0.327
15.6, 0.764, 0.327
15.6, 0.762, 0.32
15.6, 0.762, 0.316
15.6, 0.765, 0.319
15.6, 0.769, 0.324
15.7, 0.776, 0.327
15.7, 0.782, 0.326
15.7, 0.788, 0.32
15.7, 0.793, 0.316
15.7, 0.794, 0.32
15.7, 0.793, 0.325
15.7, 0.791, 0.329
15.8, 0.788, 0.328
15.8, 0.786, 0.32
15.8, 0.785, 0.316
15.8, 0.788, 0.319
15.8, 0.794, 0.324
15.8, 0.8, 0.328
15.8, 0.807, 0.326
15.9, 0.813, 0.319
15.9, 0.817, 0.317
15.9, 0.817, 0.32
15.9, 0.815, 0.324
15.9, 0.812, 0.327
15.9, 0.809, 0.326
15.9, 0.807, 0.318
16, 0.807, 0.316
16, 0.81, 0.319
16, 0.816, 0.324
16, 0.822, 0.328
16, 0.83, 0.327
16, 0.837, 0.319
16, 0.842, 0.316
16.1, 0.843, 0.318
16.1, 0.843, 0.323
16.1, 0.841, 0.327
16.1, 0.839, 0.327
16.1, 0.837, 0.32
16.1, 0.837, 0.316
16.1, 0.84, 0.32
16.2, 0.846, 0.325
16.2, 0.852, 0.328
16.2, 0.859, 0.327
16.2, 0.866, 0.32
16.2, 0.87, 0.317
16.2, 0.871, 0.32
16.2, 0.87, 0.324
16.3, 0.867, 0.328
16.3, 0.864, 0.327
16.3, 0.862, 0.319
16.3, 0.862, 0.317
16.3, 0.865, 0.32
16.3, 0.871, 0.324
16.4, 0.877, 0.327
16.4, 0.884, 0.326
16.4, 0.891, 0.318
16.4, 0.895, 0.315
16.4, 0.896, 0.319
16.4, 0.894, 0.325
16.4, 0.892, 0.328
16.5, 0.889, 0.327
16.5, 0.886, 0.319
16.5, 0.885, 0.315
16.5, 0.887, 0.318
16.5, 0.891, 0.323
16.5, 0.897, 0.327
16.5, 0.903, 0.326
16.6, 0.91, 0.319
16.6, 0.913, 0.316
16.6, 0.914, 0.319
16.6, 0.912, 0.324
16.6, 0.91, 0.327
16.6, 0.907, 0.326
16.6, 0.904, 0.319
16.7, 0.905, 0.317
16.7, 0.908, 0.32
16.7, 0.914, 0.325
16.7, 0.92, 0.328
16.7, 0.928, 0.327
16.7, 0.935, 0.319
16.7, 0.94, 0.316
16.8, 0.942, 0.319
16.8, 0.941, 0.324
16.8, 0.939, 0.328
16.8, 0.937, 0.327
16.8, 0.935, 0.319
16.8, 0.935, 0.316
16.8, 0.938, 0.319
16.9, 0.943, 0.324
16.9, 0.949, 0.327
16.9, 0.956, 0.326
16.9, 0.962, 0.319
16.9, 0.967, 0.315
16.9, 0.968, 0.318
16.9, 0.968, 0.323
17, 0.966, 0.327
17, 0.964, 0.326
17, 0.962, 0.318
17, 0.962, 0.315
17, 0.965, 0.319
17, 0.972, 0.324
17, 0.979, 0.327
17.1, 0.986, 0.327
17.1, 0.994, 0.32
17.1, 0.999, 0.316
17.1, 1, 0.32
17.1, 1, 0.325
17.1, 0.998, 0.329
17.1, 0.996, 0.328
17.2, 0.994, 0.321
17.2, 0.994, 0.317
17.2, 0.998, 0.319
17.2, 1, 0.323
17.2, 1.01, 0.327
17.2, 1.02, 0.327
17.2, 1.02, 0.32
17.3, 1.03, 0.317
17.3, 1.03, 0.32
17.3, 1.03, 0.324
17.3, 1.03, 0.328
17.3, 1.03, 0.327
17.3, 1.02, 0.32
17.3, 1.02, 0.316
17.4, 1.03, 0.319
17.4, 1.03, 0.324
17.4, 1.04, 0.328
17.4, 1.04, 0.327
17.4, 1.05, 0.32
17.4, 1.06, 0.316
17.4, 1.06, 0.319
17.5, 1.06, 0.323
17.5, 1.06, 0.327
17.5, 1.05, 0.326
17.5, 1.05, 0.319
17.5, 1.05, 0.316
17.5, 1.06, 0.32
17.5, 1.06, 0.324
17.6, 1.07, 0.328
17.6, 1.08, 0.326
17.6, 1.08, 0.319
17.6, 1.09, 0.316
17.6, 1.09, 0.319
17.6, 1.09, 0.324
17.7, 1.08, 0.327
17.7, 1.08, 0.326
17.7, 1.08, 0.318
17.7, 1.08, 0.315
17.7, 1.08, 0.318
17.7, 1.08, 0.323
17.7, 1.09, 0.326
17.8, 1.1, 0.325
17.8, 1.1, 0.318
17.8, 1.11, 0.315
17.8, 1.11, 0.318
17.8, 1.1, 0.324
17.8, 1.1, 0.327
17.8, 1.1, 0.326
17.9, 1.09, 0.319
17.9, 1.09, 0.317
17.9, 1.1, 0.321
17.9, 1.1, 0.325
17.9, 1.11, 0.329
17.9, 1.11, 0.328
17.9, 1.12, 0.32
18, 1.12, 0.316
18, 1.13, 0.32
18, 1.12, 0.324
18, 1.12, 0.328
18, 1.12, 0.327
18, 1.12, 0.32
18, 1.12, 0.316
18.1, 1.12, 0.319
18.1, 1.12, 0.323
18.1, 1.13, 0.327
18.1, 1.13, 0.326
18.1, 1.14, 0.319
18.1, 1.14, 0.316
18.1, 1.14, 0.319
18.2, 1.14, 0.324
18.2, 1.14, 0.328
18.2, 1.13, 0.326
18.2, 1.13, 0.319
18.2, 1.13, 0.316
18.2, 1.13, 0.319
18.3, 1.13, 0.324
18.3, 1.14, 0.328
18.3, 1.14, 0.327
18.3, 1.15, 0.32
18.3, 1.15, 0.316
18.3, 1.16, 0.319
18.3, 1.15, 0.324
18.4, 1.15, 0.328
18.4, 1.15, 0.327
18.4, 1.14, 0.32
18.4, 1.14, 0.316
18.4, 1.15, 0.319
18.4, 1.15, 0.324
18.4, 1.15, 0.328
18.5, 1.16, 0.327
18.5, 1.17, 0.319
18.5, 1.17, 0.317
18.5, 1.17, 0.32
18.5, 1.16, 0.325
18.5, 1.16, 0.328
18.5, 1.16, 0.327
18.6, 1.15, 0.319
18.6, 1.15, 0.316
18.6, 1.15, 0.32
18.6, 1.16, 0.324
18.6, 1.16, 0.328
18.6, 1.17, 0.326
18.7, 1.17, 0.318
18.7, 1.18, 0.315
18.7, 1.18, 0.319
18.7, 1.17, 0.323
18.7, 1.17, 0.327
18.7, 1.17, 0.325
18.7, 1.16, 0.318
18.8, 1.16, 0.315
18.8, 1.16, 0.32
18.8, 1.17, 0.325
18.8, 1.17, 0.329
18.8, 1.18, 0.327
18.8, 1.18, 0.32
18.8, 1.19, 0.316
18.9, 1.19, 0.319
18.9, 1.18, 0.323
18.9, 1.18, 0.327
18.9, 1.18, 0.327
18.9, 1.17, 0.32
18.9, 1.17, 0.317
18.9, 1.18, 0.32
19, 1.18, 0.325
19, 1.19, 0.328
19, 1.19, 0.327
19, 1.2, 0.32
19, 1.2, 0.318
19, 1.2, 0.321
19, 1.2, 0.326
19.1, 1.19, 0.329
19.1, 1.19, 0.327
19.1, 1.18, 0.32
19.1, 1.18, 0.316
19.1, 1.18, 0.319
19.1, 1.18, 0.324
19.1, 1.19, 0.327
19.2, 1.19, 0.327
19.2, 1.2, 0.319
19.2, 1.2, 0.316
19.2, 1.2, 0.32
19.2, 1.2, 0.324
19.2, 1.19, 0.328
19.2, 1.19, 0.326
19.3, 1.19, 0.319
19.3, 1.19, 0.316
19.3, 1.19, 0.32
19.3, 1.19, 0.324
19.3, 1.2, 0.328
19.3, 1.21, 0.326
19.3, 1.21, 0.319
19.4, 1.22, 0.316
19.4, 1.22, 0.319
19.4, 1.21, 0.324
19.4, 1.21, 0.328
19.4, 1.21, 0.327
19.4, 1.2, 0.319
19.5, 1.2, 0.316
19.5, 1.2, 0.32
19.5, 1.21, 0.324
19.5, 1.21, 0.328
19.5, 1.22, 0.326
19.5, 1.23, 0.319
19.5, 1.23, 0.316
19.6, 1.23, 0.319
19.6, 1.22, 0.324
19.6, 1.22, 0.327
19.6, 1.22, 0.326
19.6, 1.21, 0.318
19.6, 1.21, 0.316
19.6, 1.21, 0.32
19.7, 1.22, 0.325
19.7, 1.22, 0.328
19.7, 1.23, 0.327
19.7, 1.24, 0.319
19.7, 1.24, 0.314
19.7, 1.24, 0.318
19.7, 1.24, 0.323
19.8, 1.24, 0.327
19.8, 1.23, 0.326
19.8, 1.23, 0.319
19.8, 1.23, 0.315
19.8, 1.23, 0.318
19.8, 1.24, 0.323
19.8, 1.24, 0.327
19.9, 1.25, 0.326
19.9, 1.25, 0.319
19.9, 1.26, 0.317
19.9, 1.25, 0.32
19.9, 1.25, 0.325
19.9, 1.25, 0.328
20, 1.24, 0.327
20, 1.24, 0.32
20, 1.24, 0.316
20, 1.24, 0.319
20, 1.24, 0.324
20, 1.25, 0.328
20, 1.25, 0.327
20.1, 1.26, 0.32
20.1, 1.26, 0.316
20.1, 1.26, 0.318
20.1, 1.26, 0.323
20.1, 1.26, 0.327
20.1, 1.25, 0.327
20.1, 1.25, 0.32
20.2, 1.25, 0.317
20.2, 1.25, 0.32
20.2, 1.26, 0.325
20.2, 1.26, 0.329
20.2, 1.27, 0.328
20.2, 1.27, 0.321
20.2, 1.27, 0.318
20.2, 1.27, 0.321
20.3, 1.27, 0.326
20.3, 1.26, 0.329
20.3, 1.26, 0.328
20.3, 1.25, 0.321
20.3, 1.25, 0.318
20.3, 1.25, 0.321
20.3, 1.26, 0.326
20.4, 1.26, 0.33
20.4, 1.27, 0.328
20.4, 1.27, 0.321
20.4, 1.28, 0.317
20.4, 1.28, 0.32
20.4, 1.27, 0.324
20.4, 1.27, 0.328
20.5, 1.27, 0.327
20.5, 1.26, 0.32
20.5, 1.26, 0.317
20.5, 1.26, 0.321
20.5, 1.27, 0.325
20.5, 1.27, 0.328
20.6, 1.28, 0.326
20.6, 1.28, 0.319
20.6, 1.29, 0.315
20.6, 1.29, 0.319
20.6, 1.28, 0.323
20.6, 1.28, 0.327
20.6, 1.28, 0.326
20.7, 1.27, 0.318
20.7, 1.27, 0.314
20.7, 1.27, 0.317
20.7, 1.28, 0.323
20.7, 1.28, 0.327
20.7, 1.29, 0.326
20.7, 1.29, 0.319
20.8, 1.3, 0.314
20.8, 1.3, 0.318
20.8, 1.29, 0.324
20.8, 1.29, 0.328
20.8, 1.29, 0.327
20.8, 1.28, 0.32
20.8, 1.28, 0.316
20.9, 1.28, 0.319
20.9, 1.29, 0.324
20.9, 1.29, 0.328
20.9, 1.3, 0.327
20.9, 1.3, 0.32
20.9, 1.31, 0.317
20.9, 1.31, 0.32
21, 1.3, 0.325
21, 1.3, 0.329
21, 1.3, 0.328
21, 1.29, 0.321
21, 1.29, 0.318
21, 1.29, 0.321
21, 1.3, 0.326
21.1, 1.3, 0.329
21.1, 1.31, 0.328
21.1, 1.31, 0.321
21.1, 1.32, 0.316
21.1, 1.32, 0.319
21.1, 1.31, 0.324
21.1, 1.31, 0.328
21.2, 1.31, 0.327
21.2, 1.3, 0.32
21.2, 1.3, 0.318
21.2, 1.31, 0.322
21.2, 1.31, 0.326
21.2, 1.32, 0.329
21.3, 1.32, 0.327
21.3, 1.33, 0.32
21.3, 1.33, 0.317
21.3, 1.33, 0.32
21.3, 1.33, 0.324
21.3, 1.33, 0.328
21.3, 1.32, 0.327
21.4, 1.32, 0.319
21.4, 1.32, 0.315
21.4, 1.32, 0.318
21.4, 1.32, 0.323
21.4, 1.32, 0.327
21.4, 1.33, 0.327
21.4, 1.33, 0.32
21.5, 1.33, 0.317
21.5, 1.33, 0.32
21.5, 1.33, 0.324
21.5, 1.32, 0.328
21.5, 1.32, 0.326
21.5, 1.31, 0.319
21.5, 1.31, 0.317
21.6, 1.31, 0.32
21.6, 1.32, 0.325
21.6, 1.32, 0.328
21.6, 1.33, 0.327
21.6, 1.33, 0.319
21.6, 1.34, 0.316
21.7, 1.34, 0.319
21.7, 1.33, 0.324
21.7, 1.33, 0.328
21.7, 1.32, 0.326
21.7, 1.32, 0.319
21.7, 1.32, 0.316
21.7, 1.32, 0.32
21.8, 1.32, 0.325
21.8, 1.33, 0.328
21.8, 1.33, 0.327
21.8, 1.34, 0.319
21.8, 1.34, 0.317
21.8, 1.34, 0.321
21.8, 1.33, 0.325
21.9, 1.33, 0.329
21.9, 1.32, 0.327
21.9, 1.32, 0.319
21.9, 1.31, 0.315
21.9, 1.31, 0.318
21.9, 1.32, 0.323
21.9, 1.32, 0.327
22, 1.32, 0.326
22, 1.33, 0.319
22, 1.33, 0.315
22, 1.33, 0.318
22, 1.32, 0.323
22, 1.32, 0.326
22.1, 1.31, 0.325
22.1, 1.31, 0.318
22.1, 1.31, 0.316
22.1, 1.31, 0.32
22.1, 1.31, 0.325
22.1, 1.32, 0.328
22.1, 1.32, 0.326
22.2, 1.33, 0.319
22.2, 1.33, 0.314
22.2, 1.33, 0.317
22.2, 1.33, 0.322
22.2, 1.32, 0.327
22.2, 1.32, 0.326
22.3, 1.32, 0.319
22.3, 1.31, 0.315
22.3, 1.31, 0.318
22.3, 1.32, 0.324
22.3, 1.32, 0.328
22.3, 1.32, 0.327
22.3, 1.33, 0.32
22.4, 1.33, 0.317
22.4, 1.33, 0.32
22.4, 1.32, 0.325
22.4, 1.32, 0.329
22.4, 1.32, 0.327
22.4, 1.31, 0.32
22.4, 1.31, 0.317
22.5, 1.31, 0.32
22.5, 1.31, 0.325
22.5, 1.32, 0.329
22.5, 1.32, 0.328
22.5, 1.33, 0.32
22.5, 1.33, 0.317
22.5, 1.33, 0.32
22.6, 1.32, 0.325
22.6, 1.32, 0.328
22.6, 1.32, 0.327
22.6, 1.31, 0.319
22.6, 1.31, 0.316
22.6, 1.31, 0.319
22.6, 1.31, 0.324
22.7, 1.32, 0.327
22.7, 1.32, 0.326
22.7, 1.33, 0.318
22.7, 1.33, 0.315
22.7, 1.33, 0.319
22.7, 1.32, 0.324
22.8, 1.32, 0.327
22.8, 1.31, 0.326
22.8, 1.31, 0.319
22.8, 1.31, 0.316
22.8, 1.31, 0.319
22.8, 1.31, 0.324
22.8, 1.31, 0.328
22.9, 1.32, 0.326
22.9, 1.32, 0.319
22.9, 1.33, 0.316
22.9, 1.32, 0.319
22.9, 1.32, 0.324
22.9, 1.32, 0.327
22.9, 1.31, 0.326
23, 1.3, 0.318
23, 1.3, 0.315
23, 1.3, 0.319
23, 1.31, 0.324
23, 1.31, 0.328
23, 1.32, 0.327
23, 1.32, 0.319
23.1, 1.32, 0.316
23.1, 1.32, 0.319
23.1, 1.32, 0.324
23.1, 1.31, 0.328
23.1, 1.31, 0.327
23.1, 1.3, 0.32
23.1, 1.3, 0.317
23.2, 1.3, 0.32
23.2, 1.3, 0.324
23.2, 1.31, 0.328
23.2, 1.31, 0.327
23.2, 1.32, 0.32
23.2, 1.32, 0.316
23.2, 1.32, 0.319
23.3, 1.31, 0.324
23.3, 1.31, 0.328
23.3, 1.31, 0.327
23.3, 1.3, 0.32
23.3, 1.3, 0.317
23.3, 1.3, 0.32
23.3, 1.3, 0.324
23.4, 1.31, 0.328
23.4, 1.31, 0.327
23.4, 1.31, 0.32
23.4, 1.32, 0.317
23.4, 1.31, 0.32
23.4, 1.31, 0.325
23.4, 1.3, 0.328
23.5, 1.3, 0.326
23.5, 1.29, 0.319
23.5, 1.29, 0.317
23.5, 1.29, 0.32
23.5, 1.3, 0.325
23.5, 1.3, 0.328
23.6, 1.3, 0.326
23.6, 1.31, 0.319
23.6, 1.31, 0.315
23.6, 1.31, 0.319
23.6, 1.31, 0.324
23.6, 1.3, 0.327
23.6, 1.3, 0.326
23.7, 1.29, 0.318
23.7, 1.29, 0.315
23.7, 1.29, 0.319
23.7, 1.3, 0.324
23.7, 1.3, 0.328
23.7, 1.31, 0.326
23.7, 1.31, 0.319
23.8, 1.31, 0.316
23.8, 1.31, 0.32
23.8, 1.31, 0.325
23.8, 1.3, 0.328
23.8, 1.3, 0.327
23.8, 1.29, 0.319
23.8, 1.29, 0.317
23.9, 1.29, 0.32
23.9, 1.29, 0.325
23.9, 1.3, 0.329
23.9, 1.3, 0.328
23.9, 1.31, 0.321
23.9, 1.31, 0.317
23.9, 1.31, 0.32
24, 1.31, 0.324
24, 1.3, 0.328
24, 1.3, 0.327
24, 1.29, 0.32
24, 1.29, 0.318
24, 1.29, 0.321
24, 1.29, 0.325
24.1, 1.3, 0.329
24.1, 1.3, 0.327
24.1, 1.31, 0.32
24.1, 1.31, 0.316
24.1, 1.31, 0.318
24.1, 1.31, 0.323
24.1, 1.31, 0.327
24.2, 1.3, 0.326
24.2, 1.3, 0.319
24.2, 1.3, 0.316
24.2, 1.3, 0.319
24.2, 1.3, 0.324
24.2, 1.31, 0.327
24.3, 1.31, 0.326
24.3, 1.32, 0.319
24.3, 1.32, 0.317
24.3, 1.32, 0.32
24.3, 1.31, 0.325
24.3, 1.31, 0.328
24.3, 1.3, 0.327
24.4, 1.3, 0.319
24.4, 1.29, 0.316
24.4, 1.29, 0.319
24.4, 1.3, 0.324
24.4, 1.3, 0.328
24.4, 1.3, 0.327
24.4, 1.31, 0.32
24.5, 1.31, 0.316
24.5, 1.31, 0.319
24.5, 1.3, 0.323
24.5, 1.3, 0.327
24.5, 1.3, 0.326
24.5, 1.29, 0.32
24.5, 1.29, 0.317
24.6, 1.29, 0.32
24.6, 1.29, 0.324
24.6, 1.3, 0.327
24.6, 1.3, 0.326
24.6, 1.31, 0.319
24.6, 1.31, 0.316
24.6, 1.31, 0.319
24.7, 1.31, 0.324
24.7, 1.3, 0.328
24.7, 1.3, 0.326
24.7, 1.29, 0.318
24.7, 1.29, 0.315
24.7, 1.29, 0.319
24.8, 1.29, 0.324
24.8, 1.3, 0.327
24.8, 1.3, 0.326
24.8, 1.31, 0.318
24.8, 1.31, 0.316
24.8, 1.31, 0.32
24.8, 1.3, 0.325
24.9, 1.3, 0.329
24.9, 1.29, 0.327
24.9, 1.29, 0.319
24.9, 1.29, 0.316
24.9, 1.29, 0.319
24.9, 1.29, 0.324
24.9, 1.29, 0.328
25, 1.3, 0.327
25, 1.3, 0.32
25, 1.31, 0.316
25, 1.3, 0.319
25, 1.3, 0.324
25, 1.3, 0.328
25, 1.29, 0.327
25.1, 1.29, 0.32
25.1, 1.29, 0.317
25.1, 1.29, 0.321
25.1, 1.29, 0.326
25.1, 1.3, 0.329
25.1, 1.3, 0.328
25.2, 1.31, 0.32
25.2, 1.31, 0.317
25.2, 1.31, 0.32
25.2, 1.3, 0.325
25.2, 1.3, 0.328
25.2, 1.3, 0.327
25.2, 1.29, 0.319
25.3, 1.29, 0.316
25.3, 1.29, 0.319
25.3, 1.29, 0.323
25.3, 1.3, 0.327
25.3, 1.3, 0.326
25.3, 1.3, 0.319
25.3, 1.31, 0.316
25.4, 1.3, 0.319
25.4, 1.3, 0.324
25.4, 1.3, 0.327
25.4, 1.29, 0.326
25.4, 1.29, 0.319
25.4, 1.28, 0.317
25.5, 1.29, 0.321
25.5, 1.29, 0.326
25.5, 1.29, 0.329
25.5, 1.3, 0.327
25.5, 1.3, 0.319
25.5, 1.31, 0.316
25.5, 1.31, 0.319
25.6, 1.3, 0.324
25.6, 1.3, 0.328
25.6, 1.3, 0.327
25.6, 1.29, 0.319
25.6, 1.29, 0.315
25.6, 1.29, 0.318
25.6, 1.29, 0.323
25.7, 1.3, 0.327
25.7, 1.3, 0.326
25.7, 1.3, 0.32
25.7, 1.3, 0.317
25.7, 1.3, 0.32
25.7, 1.3, 0.325
25.7, 1.29, 0.328
25.8, 1.29, 0.326
25.8, 1.28, 0.319
25.8, 1.28, 0.316
25.8, 1.28, 0.32
25.8, 1.29, 0.325
25.8, 1.29, 0.329
25.8, 1.3, 0.327
25.9, 1.3, 0.319
25.9, 1.3, 0.315
25.9, 1.3, 0.318
25.9, 1.3, 0.323
25.9, 1.3, 0.327
25.9, 1.29, 0.326
26, 1.29, 0.319
26, 1.28, 0.316
26, 1.29, 0.32
26, 1.29, 0.325
26, 1.29, 0.328
26, 1.3, 0.327
26, 1.3, 0.32
26.1, 1.31, 0.317
26.1, 1.31, 0.32
26.1, 1.3, 0.324
26.1, 1.3, 0.328
26.1, 1.29, 0.327
26.1, 1.29, 0.319
26.1, 1.29, 0.315
26.2, 1.29, 0.318
26.2, 1.29, 0.323
26.2, 1.29, 0.327
26.2, 1.29, 0.327
26.2, 1.3, 0.32
26.2, 1.3, 0.317
26.2, 1.3, 0.319
26.3, 1.29, 0.324
26.3, 1.29, 0.328
26.3, 1.28, 0.327
26.3, 1.28, 0.321
26.3, 1.28, 0.318
26.3, 1.28, 0.321
26.3, 1.28, 0.326
26.4, 1.28, 0.329
26.4, 1.29, 0.328
26.4, 1.29, 0.321
26.4, 1.3, 0.317
26.4, 1.29, 0.32
26.4, 1.29, 0.325
26.4, 1.29, 0.328
26.5, 1.28, 0.327
26.5, 1.27, 0.32
26.5, 1.27, 0.316
26.5, 1.27, 0.319
26.5, 1.27, 0.324
26.5, 1.28, 0.327
26.6, 1.28, 0.326
26.6, 1.28, 0.318
26.6, 1.29, 0.315
26.6, 1.28, 0.319
26.6, 1.28, 0.324
26.6, 1.27, 0.328
26.6, 1.27, 0.326
26.7, 1.26, 0.319
26.7, 1.26, 0.314
26.7, 1.26, 0.317
26.7, 1.26, 0.322
26.7, 1.26, 0.327
26.7, 1.27, 0.326
26.7, 1.27, 0.319
26.8, 1.27, 0.316
26.8, 1.27, 0.32
26.8, 1.26, 0.325
26.8, 1.26, 0.328
26.8, 1.25, 0.327
26.8, 1.25, 0.321
26.8, 1.24, 0.317
26.9, 1.25, 0.32
26.9, 1.25, 0.324
26.9, 1.25, 0.328
26.9, 1.26, 0.327
26.9, 1.26, 0.32
26.9, 1.27, 0.317
26.9, 1.26, 0.32
27, 1.26, 0.325
27, 1.26, 0.328
27, 1.25, 0.327
27, 1.25, 0.32
27, 1.24, 0.316
27, 1.25, 0.319
27, 1.25, 0.323
27.1, 1.25, 0.327
27.1, 1.26, 0.326
27.1, 1.26, 0.319
27.1, 1.26, 0.317
27.1, 1.26, 0.321
27.1, 1.26, 0.325
27.2, 1.25, 0.328
27.2, 1.24, 0.327
27.2, 1.24, 0.319
27.2, 1.24, 0.316
27.2, 1.24, 0.319
27.2, 1.24, 0.324
27.2, 1.24, 0.328
27.3, 1.25, 0.326
27.3, 1.25, 0.319
27.3, 1.26, 0.314
27.3, 1.26, 0.317
27.3, 1.25, 0.322
27.3, 1.25, 0.326
27.3, 1.25, 0.326
27.4, 1.24, 0.319
27.4, 1.24, 0.315
27.4, 1.24, 0.319
27.4, 1.25, 0.324
27.4, 1.25, 0.327
27.4, 1.26, 0.325
27.5, 1.26, 0.318
27.5, 1.27, 0.315
27.5, 1.27, 0.319
27.5, 1.26, 0.324
27.5, 1.26, 0.328
27.5, 1.25, 0.326
27.5, 1.25, 0.319
27.6, 1.25, 0.314
27.6, 1.25, 0.318
27.6, 1.25, 0.323
27.6, 1.25, 0.327
27.6, 1.26, 0.327
27.6, 1.26, 0.32
27.6, 1.26, 0.316
27.7, 1.26, 0.32
27.7, 1.26, 0.324
27.7, 1.25, 0.328
27.7, 1.25, 0.327
27.7, 1.24, 0.32
27.7, 1.24, 0.317
27.7, 1.24, 0.32
27.8, 1.25, 0.324
27.8, 1.25, 0.328
27.8, 1.26, 0.326
27.8, 1.26, 0.319
27.8, 1.27, 0.316
27.8, 1.26, 0.319
27.8, 1.26, 0.324
27.9, 1.26, 0.328
27.9, 1.25, 0.327
27.9, 1.25, 0.32
27.9, 1.25, 0.316
27.9, 1.25, 0.32
27.9, 1.25, 0.324
27.9, 1.25, 0.328
28, 1.26, 0.327
28, 1.26, 0.319
28, 1.26, 0.317
28, 1.26, 0.32
28, 1.26, 0.325
28, 1.25, 0.328
28, 1.25, 0.326
28.1, 1.25, 0.319
28.1, 1.24, 0.316
28.1, 1.24, 0.319
28.1, 1.25, 0.324
28.1, 1.25, 0.327
28.1, 1.26, 0.325
28.2, 1.26, 0.317
28.2, 1.26, 0.314
28.2, 1.26, 0.318
28.2, 1.26, 0.323
28.2, 1.25, 0.326
28.2, 1.25, 0.325
28.3, 1.25, 0.317
28.3, 1.24, 0.314
28.3, 1.24, 0.318
28.3, 1.25, 0.323
28.3, 1.25, 0.327
28.3, 1.26, 0.325
28.3, 1.26, 0.318
28.4, 1.26, 0.314
28.4, 1.26, 0.318
28.4, 1.26, 0.323
28.4, 1.25, 0.327
28.4, 1.25, 0.326
28.4, 1.25, 0.318
28.4, 1.24, 0.316
28.5, 1.25, 0.32
28.5, 1.25, 0.325
28.5, 1.25, 0.328
28.5, 1.26, 0.326
28.5, 1.26, 0.319
28.5, 1.27, 0.317
28.5, 1.26, 0.32
28.6, 1.26, 0.325
28.6, 1.26, 0.328
28.6, 1.25, 0.327
28.6, 1.25, 0.319
28.6, 1.24, 0.316
28.6, 1.24, 0.319
28.6, 1.25, 0.324
28.7, 1.25, 0.327
28.7, 1.25, 0.326
28.7, 1.26, 0.319
28.7, 1.26, 0.316
28.7, 1.26, 0.32
28.7, 1.25, 0.324
28.7, 1.25, 0.328
28.8, 1.24, 0.326
28.8, 1.24, 0.319
28.8, 1.23, 0.317
28.8, 1.24, 0.321
28.8, 1.24, 0.326
28.8, 1.24, 0.329
28.8, 1.25, 0.328
28.9, 1.25, 0.32
28.9, 1.26, 0.315
28.9, 1.26, 0.318
28.9, 1.25, 0.323
28.9, 1.25, 0.327
28.9, 1.25, 0.327
28.9, 1.24, 0.32
29, 1.24, 0.318
29, 1.24, 0.321
29, 1.25, 0.325
29, 1.25, 0.328
29, 1.26, 0.327
29, 1.27, 0.32
29.1, 1.27, 0.317
29.1, 1.27, 0.32
29.1, 1.26, 0.325
29.1, 1.26, 0.329
29.1, 1.25, 0.328
29.1, 1.25, 0.32
29.1, 1.25, 0.315
29.2, 1.25, 0.318
29.2, 1.25, 0.322
29.2, 1.25, 0.327
29.2, 1.26, 0.326
29.2, 1.26, 0.319
29.2, 1.26, 0.317
29.2, 1.26, 0.321
29.3, 1.25, 0.325
29.3, 1.25, 0.328
29.3, 1.24, 0.326
29.3, 1.24, 0.319
29.3, 1.23, 0.318
29.3, 1.23, 0.322
29.3, 1.24, 0.326
29.4, 1.24, 0.33
29.4, 1.25, 0.329
29.4, 1.25, 0.321
29.4, 1.26, 0.315
29.4, 1.26, 0.318
29.4, 1.26, 0.322
29.4, 1.26, 0.326
29.5, 1.25, 0.326
29.5, 1.25, 0.32
29.5, 1.25, 0.317
29.5, 1.25, 0.32
29.5, 1.26, 0.324
29.5, 1.26, 0.327
29.5, 1.27, 0.326
29.6, 1.27, 0.319
29.6, 1.28, 0.317
29.6, 1.28, 0.321
29.6, 1.27, 0.325
29.6, 1.27, 0.329
29.6, 1.26, 0.328
29.6, 1.26, 0.32
29.7, 1.25, 0.315
29.7, 1.25, 0.317
29.7, 1.25, 0.322
29.7, 1.26, 0.327
29.7, 1.26, 0.326
29.7, 1.27, 0.319
29.7, 1.27, 0.316
29.8, 1.26, 0.32
29.8, 1.26, 0.324
29.8, 1.26, 0.327
29.8, 1.25, 0.325
29.8, 1.25, 0.318
29.8, 1.24, 0.316
29.9, 1.25, 0.32
29.9, 1.25, 0.325
29.9, 1.25, 0.329
29.9, 1.26, 0.328
29.9, 1.27, 0.32
29.9, 1.27, 0.315
29.9, 1.27, 0.317
30, 1.27, 0.322
30, 1.26, 0.326
30, 1.26, 0.325
30, 1.26, 0.318
30, 1.26, 0.316
30, 1.26, 0.32
30, 1.26, 0.324
30, 1.27, 0.327
30.1, 1.28, 0.326
30.1, 1.28, 0.319
30.1, 1.28, 0.317
30.1, 1.28, 0.32
30.1, 1.28, 0.325
30.1, 1.28, 0.329
30.1, 1.27, 0.328
30.2, 1.27, 0.321
30.2, 1.26, 0.316
30.2, 1.26, 0.319
30.2, 1.26, 0.323
30.2, 1.27, 0.327
30.2, 1.27, 0.327
30.2, 1.28, 0.321
30.3, 1.28, 0.317
30.3, 1.28, 0.319
30.3, 1.27, 0.324
30.3, 1.27, 0.328
30.3, 1.26, 0.327
30.3, 1.26, 0.321
30.3, 1.26, 0.318
30.4, 1.26, 0.322
30.4, 1.26, 0.326
30.4, 1.27, 0.329
30.4, 1.28, 0.328
30.4, 1.28, 0.32
30.4, 1.29, 0.316
30.5, 1.29, 0.319
30.5, 1.28, 0.323
30.5, 1.28, 0.327
30.5, 1.28, 0.327
30.5, 1.27, 0.319
30.5, 1.27, 0.316
30.5, 1.27, 0.319
30.6, 1.28, 0.324
30.6, 1.28, 0.327
30.6, 1.29, 0.326
30.6, 1.29, 0.319
30.6, 1.3, 0.317
30.6, 1.29, 0.321
30.6, 1.29, 0.326
30.7, 1.29, 0.329
30.7, 1.28, 0.327
30.7, 1.28, 0.319
30.7, 1.27, 0.315
30.7, 1.28, 0.318
30.7, 1.28, 0.323
30.8, 1.28, 0.327
30.8, 1.29, 0.325
30.8, 1.29, 0.318
30.8, 1.3, 0.314
30.8, 1.29, 0.318
30.8, 1.29, 0.322
30.8, 1.29, 0.326
30.9, 1.28, 0.324
30.9, 1.28, 0.316
30.9, 1.28, 0.314
30.9, 1.28, 0.319
30.9, 1.28, 0.324
30.9, 1.29, 0.328
31, 1.29, 0.327
31, 1.3, 0.319
31, 1.3, 0.313
31, 1.3, 0.315
31, 1.3, 0.32
31, 1.3, 0.324
31, 1.3, 0.324
31.1, 1.3, 0.318
31.1, 1.3, 0.316
31.1, 1.3, 0.32
31.1, 1.3, 0.325
31.1, 1.31, 0.328
31.1, 1.32, 0.327
31.1, 1.32, 0.321
31.1, 1.32, 0.318
31.2, 1.32, 0.321
31.2, 1.32, 0.326
31.2, 1.32, 0.33
31.2, 1.31, 0.329
31.2, 1.31, 0.322
31.2, 1.3, 0.316
31.2, 1.3, 0.318
31.3, 1.31, 0.323
31.3, 1.31, 0.327
31.3, 1.31, 0.327
31.3, 1.32, 0.321
31.3, 1.32, 0.317
31.3, 1.32, 0.32
31.3, 1.31, 0.324
31.4, 1.31, 0.327
31.4, 1.3, 0.326
31.4, 1.3, 0.319
31.4, 1.3, 0.317
31.4, 1.3, 0.321
31.4, 1.3, 0.326
31.4, 1.31, 0.329
31.5, 1.31, 0.327
31.5, 1.32, 0.32
31.5, 1.32, 0.315
31.5, 1.32, 0.318
31.5, 1.32, 0.323
31.5, 1.32, 0.327
31.6, 1.31, 0.326
31.6, 1.31, 0.319
31.6, 1.31, 0.315
31.6, 1.31, 0.319
31.6, 1.31, 0.324
31.6, 1.32, 0.328
31.6, 1.32, 0.327
31.7, 1.33, 0.32
31.7, 1.33, 0.317
31.7, 1.33, 0.319
31.7, 1.33, 0.319
31.7, 1.33, 0.319
31.7, 1.32, 0.324
31.7, 1.32, 0.324
31.7, 1.32, 0.324
31.7, 1.32, 0.326
31.7, 1.32, 0.326
31.7, 1.32, 0.326
31.7, 1.31, 0.322
31.7, 1.31, 0.322
31.7, 1.31, 0.322
31.7, 1.31, 0.316
31.7, 1.31, 0.316
31.7, 1.31, 0.316
31.8, 1.3, 0.316
31.8, 1.3, 0.316
31.8, 1.3, 0.316
31.8, 1.3, 0.315
31.8, 1.3, 0.315
31.8, 1.3, 0.315
31.8, 1.29, 0.313
31.8, 1.29, 0.313
31.8, 1.29, 0.313
31.8, 1.29, 0.31
31.8, 1.29, 0.305
31.8, 1.28, 0.302
31.8, 1.28, 0.302
31.8, 1.28, 0.302
31.8, 1.28, 0.299
31.8, 1.28, 0.299
31.8, 1.28, 0.299
31.9, 1.28, 0.294
31.9, 1.28, 0.294
31.9, 1.28, 0.294
31.9, 1.27, 0.286
31.9, 1.27, 0.286
31.9, 1.27, 0.286
31.9, 1.27, 0.271
31.9, 1.27, 0.271
31.9, 1.27, 0.271
31.9, 1.27, 0.25
31.9, 1.27, 0.228
32, 1.27, 0.206
32, 1.26, 0.181
